cohort,seed,passed,violations,actions,retries,prevented,planningMs,elapsedMs
before_learning,1,true,0,6,0,0,3.3442999999999756,9.755200000000002
before_learning,2,false,2,6,0,0,2.9938999999999396,4.816700000000026
before_learning,3,true,0,6,0,0,2.137800000000084,4.784600000000012
before_learning,4,true,0,6,0,0,1.6972000000000662,3.7121999999999957
before_learning,5,false,2,6,0,0,2.1007000000000176,3.584799999999973
before_learning,6,true,0,6,0,0,1.0840999999999212,2.6083000000000425
before_learning,7,true,0,6,0,0,1.1668000000000234,3.3010000000000446
before_learning,8,false,2,6,0,0,1.394900000000007,3.2164000000000215
before_learning,9,false,4,6,0,0,1.239400000000046,3.1195000000000164
before_learning,10,false,4,6,0,0,1.370800000000031,3.3421000000000163
before_learning,11,false,2,6,0,0,1.1031999999999584,2.7589999999999577
before_learning,12,false,4,6,0,0,0.8997000000001094,3.3465999999999667
before_learning,13,false,4,6,0,0,1.3408999999999764,3.197399999999959
before_learning,14,false,4,6,0,0,1.0507999999999242,2.64609999999999
before_learning,15,false,2,6,0,0,0.7329000000000292,1.7265999999999622
before_learning,16,false,4,6,0,0,1.3695999999999913,3.022800000000018
before_learning,17,false,2,6,0,0,1.2961000000001377,3.210899999999981
before_learning,18,false,4,6,0,0,1.8638999999999442,4.741499999999974
before_learning,19,false,4,6,0,0,0.807200000000023,2.0604000000000156
before_learning,20,false,2,6,0,0,1.1071000000000026,3.050100000000043
before_learning,21,false,4,6,0,0,0.7171000000000163,1.7170000000000414
before_learning,22,false,4,6,0,0,0.8082000000000562,1.8673000000000002
before_learning,23,false,2,6,0,0,0.7037000000000262,1.6614000000000146
before_learning,24,false,4,6,0,0,1.0604999999999905,2.400699999999972
before_learning,25,false,4,6,0,0,2.5088000000000648,4.683400000000006
before_learning,26,false,2,6,0,0,1.8044000000000437,3.7706000000000017
before_learning,27,true,0,6,0,0,1.2726999999999862,3.8057000000000016
before_learning,28,true,0,6,0,0,1.234200000000044,2.9542999999999893
before_learning,29,false,2,6,0,0,1.7603000000000861,4.080600000000004
before_learning,30,true,0,6,0,0,1.3997999999999706,3.6875
before_learning,31,true,0,6,0,0,1.3845999999999208,3.1093999999999937
before_learning,32,false,2,6,0,0,1.2909999999999968,2.967900000000043
before_learning,33,true,0,6,0,0,1.0774000000000683,2.4360000000000355
before_learning,34,true,0,6,0,0,0.8246999999999503,1.865099999999984
before_learning,35,false,2,6,0,0,1.9045999999999594,4.553999999999974
before_learning,36,false,4,6,0,0,0.8334000000000401,1.9586999999999648
before_learning,37,false,4,6,0,0,0.9333999999999492,2.2298000000000116
before_learning,38,false,4,6,0,0,1.0024000000000797,2.2683000000000106
before_learning,39,false,4,6,0,0,0.9287000000000489,2.1976999999999975
before_learning,40,false,4,6,0,0,0.9878999999999678,2.2042999999999893
before_learning,41,false,2,6,0,0,1.5962000000000103,4.1340000000000146
before_learning,42,false,4,6,0,0,1.3817000000000803,3.823000000000036
before_learning,43,false,4,6,0,0,1.3043000000000688,2.92410000000001
before_learning,44,false,2,6,0,0,0.9472000000000094,2.1883000000000266
before_learning,45,false,4,6,0,0,0.7613000000000625,1.6878999999999564
before_learning,46,false,4,6,0,0,0.671299999999917,1.6140000000000327
before_learning,47,false,2,6,0,0,2.2204999999999586,4.017099999999971
before_learning,48,false,4,6,0,0,1.60409999999996,3.5926000000000045
before_learning,49,false,4,6,0,0,1.8040999999999485,3.77030000000002
before_learning,50,false,4,6,0,0,1.2110000000000696,3.333699999999965
before_learning,51,false,4,6,0,0,1.165900000000022,2.6131000000000313
before_learning,52,true,0,6,0,0,1.90889999999996,3.6492999999999824
before_learning,53,false,2,6,0,0,1.3006999999998925,3.1381999999999834
before_learning,54,true,0,6,0,0,1.1475999999999544,2.5697000000000116
before_learning,55,true,0,6,0,0,1.1590999999999667,2.5767000000000166
before_learning,56,false,2,6,0,0,1.1572000000002163,2.5932000000000244
before_learning,57,true,0,6,0,0,1.563900000000217,4.216000000000008
before_learning,58,true,0,6,0,0,1.345299999999952,2.9641000000000304
before_learning,59,false,2,6,0,0,1.4201000000001613,2.9480000000000928
before_learning,60,true,0,6,0,0,0.9443999999999733,2.2304000000000315
before_learning,61,true,0,6,0,0,0.6952999999999747,1.556699999999978
before_learning,62,false,2,6,0,0,0.7357999999998128,1.664600000000064
before_learning,63,true,0,6,0,0,0.9352000000001226,2.4174000000000433
before_learning,64,false,4,6,0,0,1.3057000000001153,3.4055000000000746
before_learning,65,false,4,6,0,0,1.543100000000095,4.1399000000000115
before_learning,66,false,2,6,0,0,1.2497999999999365,2.919200000000046
before_learning,67,false,4,6,0,0,1.11850000000004,2.457499999999982
before_learning,68,false,2,6,0,0,0.7525000000000546,1.660600000000045
before_learning,69,false,4,6,0,0,0.6940000000001874,1.558400000000006
before_learning,70,false,4,6,0,0,1.3308999999999287,3.3315000000000055
before_learning,71,false,2,6,0,0,0.786899999999946,1.7863999999999578
before_learning,72,false,4,6,0,0,0.999599999999873,2.1983999999999924
before_learning,73,false,4,6,0,0,1.3174999999999955,2.2667000000000144
before_learning,74,false,2,6,0,0,0.6935999999999467,1.587099999999964
before_learning,75,false,4,6,0,0,0.641999999999598,1.4400000000000546
before_learning,76,false,4,6,0,0,0.6191000000001168,1.4160000000000537
before_learning,77,false,4,6,0,0,0.6494999999998754,1.4423999999999069
before_learning,78,false,2,6,0,0,0.61850000000004,1.4139000000000124
before_learning,79,false,4,6,0,0,1.0006000000001904,2.618600000000015
before_learning,80,false,2,6,0,0,0.7761999999999034,2.4435000000000855
before_learning,81,true,0,6,0,0,0.8651999999999589,1.9302999999999884
before_learning,82,true,0,6,0,0,0.8413000000000466,1.8783999999999423
before_learning,83,false,2,6,0,0,1.1000000000001364,2.501199999999926
before_learning,84,true,0,6,0,0,1.1545000000000982,2.3494000000000597
before_learning,85,true,0,6,0,0,0.8237000000000307,1.9197000000000344
before_learning,86,false,2,6,0,0,1.5688999999997577,3.3131000000000768
before_learning,87,true,0,6,0,0,1.692600000000084,3.9396000000000413
before_learning,88,true,0,6,0,0,2.0915999999998576,3.825300000000084
before_learning,89,false,2,6,0,0,1.3075000000001182,2.8531000000000404
before_learning,90,true,0,6,0,0,1.0334000000001424,2.3305999999998903
before_learning,91,false,4,6,0,0,1.5734999999999673,3.436399999999935
before_learning,92,false,2,6,0,0,0.9526000000000749,2.2169000000000096
before_learning,93,false,4,6,0,0,1.1441000000002077,2.477899999999977
before_learning,94,false,4,6,0,0,0.7813000000001011,1.7767000000000053
before_learning,95,false,2,6,0,0,1.4189999999999827,2.6870999999999867
before_learning,96,false,4,6,0,0,1.3268000000000484,2.9716000000000804
before_learning,97,false,4,6,0,0,0.6676000000002205,1.5844000000000733
before_learning,98,false,2,6,0,0,1.0779999999998608,3.0027999999999793
before_learning,99,false,4,6,0,0,1.1087999999998601,2.574999999999932
before_learning,100,false,4,6,0,0,1.5907999999999447,3.5330000000000155
text_only_uncompiled,1,true,0,6,0,0,1.4298000000001139,3.3419999999999845
text_only_uncompiled,2,false,2,6,0,0,0.7676999999997633,1.771600000000035
text_only_uncompiled,3,true,0,6,0,0,1.1324999999999363,2.0447000000000344
text_only_uncompiled,4,true,0,6,0,0,1.6918000000002849,3.683400000000006
text_only_uncompiled,5,false,2,6,0,0,1.294300000000021,3.322900000000004
text_only_uncompiled,6,true,0,6,0,0,1.1746999999999161,2.888400000000047
text_only_uncompiled,7,true,0,6,0,0,1.213700000000017,2.723700000000008
text_only_uncompiled,8,false,2,6,0,0,1.156500000000051,2.6561000000000377
text_only_uncompiled,9,false,4,6,0,0,1.4483000000001311,3.0498999999999796
text_only_uncompiled,10,false,4,6,0,0,1.9539000000000897,3.487600000000043
text_only_uncompiled,11,false,2,6,0,0,1.0837999999999965,2.3688000000000784
text_only_uncompiled,12,false,4,6,0,0,1.1137999999998556,2.539800000000014
text_only_uncompiled,13,false,4,6,0,0,0.9443999999999733,2.056100000000015
text_only_uncompiled,14,false,4,6,0,0,0.8400000000000318,1.9125999999999976
text_only_uncompiled,15,false,2,6,0,0,0.9471000000000913,2.25
text_only_uncompiled,16,false,4,6,0,0,1.2418999999998732,3.415399999999977
text_only_uncompiled,17,false,2,6,0,0,1.0102000000000544,2.377899999999954
text_only_uncompiled,18,false,4,6,0,0,1.184400000000096,3.3296000000000276
text_only_uncompiled,19,false,4,6,0,0,0.9022000000001071,2.1118999999999915
text_only_uncompiled,20,false,2,6,0,0,0.7709999999999582,1.695100000000025
text_only_uncompiled,21,false,4,6,0,0,1.062900000000127,2.3911000000000513
text_only_uncompiled,22,false,4,6,0,0,1.4595000000000482,3.6762999999999693
text_only_uncompiled,23,false,2,6,0,0,1.82650000000001,3.9132000000000744
text_only_uncompiled,24,false,4,6,0,0,1.6070000000000846,3.72829999999999
text_only_uncompiled,25,false,4,6,0,0,1.1924000000001342,2.6842000000000326
text_only_uncompiled,26,false,2,6,0,0,1.032400000000166,2.9610999999999876
text_only_uncompiled,27,true,0,6,0,0,1.0793999999999642,2.691000000000031
text_only_uncompiled,28,true,0,6,0,0,1.6834000000001197,3.4091999999999416
text_only_uncompiled,29,false,2,6,0,0,1.3185999999999467,3.1173
text_only_uncompiled,30,true,0,6,0,0,1.274199999999837,2.95900000000006
text_only_uncompiled,31,true,0,6,0,0,1.6544999999998709,3.586900000000014
text_only_uncompiled,32,false,2,6,0,0,1.7675000000002683,4.729199999999992
text_only_uncompiled,33,true,0,6,0,0,1.8266999999999598,3.941100000000006
text_only_uncompiled,34,true,0,6,0,0,1.3460000000001173,3.55379999999991
text_only_uncompiled,35,false,2,6,0,0,1.2763000000001057,2.8659999999999854
text_only_uncompiled,36,false,4,6,0,0,1.2851000000000568,2.871399999999994
text_only_uncompiled,37,false,4,6,0,0,1.3138999999999896,3.488800000000083
text_only_uncompiled,38,false,4,6,0,0,0.7912999999999784,2.1281000000000176
text_only_uncompiled,39,false,4,6,0,0,1.434099999999944,3.2735999999999876
text_only_uncompiled,40,false,4,6,0,0,1.162300000000073,2.7019000000000233
text_only_uncompiled,41,false,2,6,0,0,0.816599999999994,1.9008000000000038
text_only_uncompiled,42,false,4,6,0,0,0.6652999999998883,1.9338000000000193
text_only_uncompiled,43,false,4,6,0,0,0.6272999999999911,1.4396000000000413
text_only_uncompiled,44,false,2,6,0,0,1.4934000000000651,3.3285999999999376
text_only_uncompiled,45,false,4,6,0,0,0.6596000000000686,1.5679000000000087
text_only_uncompiled,46,false,4,6,0,0,1.0667000000000826,2.336900000000014
text_only_uncompiled,47,false,2,6,0,0,0.6947000000000116,1.6005999999999858
text_only_uncompiled,48,false,4,6,0,0,0.6310999999999467,1.4577000000000453
text_only_uncompiled,49,false,4,6,0,0,0.6337999999998374,1.4452999999999747
text_only_uncompiled,50,false,4,6,0,0,1.1712000000001126,3.0477999999999383
text_only_uncompiled,51,false,4,6,0,0,1.8440999999999121,3.9161000000000286
text_only_uncompiled,52,true,0,6,0,0,1.3094000000002097,3.0085000000000264
text_only_uncompiled,53,false,2,6,0,0,1.3564000000000078,3.0646999999999025
text_only_uncompiled,54,true,0,6,0,0,1.2134999999999536,2.7014999999998963
text_only_uncompiled,55,true,0,6,0,0,0.9572999999999183,2.1026999999999134
text_only_uncompiled,56,false,2,6,0,0,1.039700000000039,2.435799999999972
text_only_uncompiled,57,true,0,6,0,0,1.4483000000000175,3.3156999999999925
text_only_uncompiled,58,true,0,6,0,0,1.2085000000000719,3.084100000000035
text_only_uncompiled,59,false,2,6,0,0,0.8016000000000076,1.8868999999999687
text_only_uncompiled,60,true,0,6,0,0,0.9478000000000293,2.416499999999928
text_only_uncompiled,61,true,0,6,0,0,0.9899000000000342,2.214999999999918
text_only_uncompiled,62,false,2,6,0,0,0.9095999999999549,1.9753000000000611
text_only_uncompiled,63,true,0,6,0,0,1.1557999999998856,2.9862000000000535
text_only_uncompiled,64,false,4,6,0,0,1.4210999999999103,3.333499999999958
text_only_uncompiled,65,false,4,6,0,0,0.9163000000002057,2.1239000000000487
text_only_uncompiled,66,false,2,6,0,0,1.9801999999998543,3.57650000000001
text_only_uncompiled,67,false,4,6,0,0,1.1643000000000256,2.6520000000000437
text_only_uncompiled,68,false,2,6,0,0,1.3625999999999294,2.881900000000087
text_only_uncompiled,69,false,4,6,0,0,0.9154999999998381,2.706099999999992
text_only_uncompiled,70,false,4,6,0,0,1.928299999999922,4.309800000000109
text_only_uncompiled,71,false,2,6,0,0,1.4782999999998765,3.54180000000008
text_only_uncompiled,72,false,4,6,0,0,0.8695999999999913,2.0532000000000608
text_only_uncompiled,73,false,4,6,0,0,0.661200000000008,1.5049000000000206
text_only_uncompiled,74,false,2,6,0,0,0.6738000000001421,1.5458999999999605
text_only_uncompiled,75,false,4,6,0,0,0.6571000000001277,1.4549999999999272
text_only_uncompiled,76,false,4,6,0,0,1.157500000000141,3.2427000000000135
text_only_uncompiled,77,false,4,6,0,0,1.1675000000001319,2.6393000000000484
text_only_uncompiled,78,false,2,6,0,0,1.355199999999968,2.931500000000028
text_only_uncompiled,79,false,4,6,0,0,0.74249999999995,1.659599999999955
text_only_uncompiled,80,false,2,6,0,0,1.0012000000000398,2.2310999999999694
text_only_uncompiled,81,true,0,6,0,0,0.8383000000000038,2.5942000000000007
text_only_uncompiled,82,true,0,6,0,0,1.32549999999992,4.157199999999989
text_only_uncompiled,83,false,2,6,0,0,0.9014999999998281,2.152499999999918
text_only_uncompiled,84,true,0,6,0,0,0.9714000000000169,2.2100000000000364
text_only_uncompiled,85,true,0,6,0,0,1.064300000000003,2.4092000000000553
text_only_uncompiled,86,false,2,6,0,0,0.6623999999998205,1.536799999999971
text_only_uncompiled,87,true,0,6,0,0,0.6571999999999889,1.5366999999999962
text_only_uncompiled,88,true,0,6,0,0,1.0503999999998541,2.3899000000000115
text_only_uncompiled,89,false,2,6,0,0,1.169799999999782,4.394900000000007
text_only_uncompiled,90,true,0,6,0,0,0.9316999999998643,2.2187999999999874
text_only_uncompiled,91,false,4,6,0,0,1.175799999999981,2.7737999999999374
text_only_uncompiled,92,false,2,6,0,0,1.1455000000000837,2.6297000000000708
text_only_uncompiled,93,false,4,6,0,0,1.154399999999896,2.705600000000004
text_only_uncompiled,94,false,4,6,0,0,1.1785999999999603,2.6329000000000633
text_only_uncompiled,95,false,2,6,0,0,1.7069999999999936,4.216200000000072
text_only_uncompiled,96,false,4,6,0,0,1.1291000000001077,2.5634000000000015
text_only_uncompiled,97,false,4,6,0,0,1.2320000000001983,2.207400000000007
text_only_uncompiled,98,false,2,6,0,0,0.6319999999999482,1.4569999999999936
text_only_uncompiled,99,false,4,6,0,0,0.6233999999999469,1.4259999999999309
text_only_uncompiled,100,false,4,6,0,0,0.9459999999999127,2.1444999999999936
after_learning,1,true,0,6,0,2,3.7176000000000613,7.3682999999999765
after_learning,2,true,0,6,0,2,1.9082999999999402,3.961300000000051
after_learning,3,true,0,6,0,2,1.4694000000000642,3.2142000000000053
after_learning,4,true,0,6,0,2,1.6641999999998234,4.128500000000031
after_learning,5,true,0,6,0,2,2.348100000000045,4.8034999999999854
after_learning,6,true,0,6,0,2,1.097299999999791,2.32650000000001
after_learning,7,true,0,6,0,2,1.262200000000007,2.6870999999999867
after_learning,8,true,0,6,0,2,1.293500000000222,2.8992999999999256
after_learning,9,true,0,6,0,2,0.7338999999999487,1.799600000000055
after_learning,10,true,0,6,0,2,0.7685000000000173,1.7212999999999283
after_learning,11,true,0,6,0,2,2.1803999999998496,3.6593999999998914
after_learning,12,true,0,6,0,2,1.3060000000002674,3.2250000000000227
after_learning,13,true,0,6,0,2,1.0537000000001626,2.4907000000000608
after_learning,14,true,0,6,0,2,0.7849999999997408,1.9716999999999416
after_learning,15,true,0,6,0,2,0.8924999999999272,1.9232999999999265
after_learning,16,true,0,6,0,2,0.6798999999998614,1.5305000000000746
after_learning,17,true,0,6,0,2,0.7401999999998452,2.3243999999999687
after_learning,18,true,0,6,0,2,2.0113000000000056,4.221100000000092
after_learning,19,true,0,6,0,2,0.8603999999999132,2.511199999999917
after_learning,20,true,0,6,0,2,1.5986000000001468,3.6499000000000024
after_learning,21,true,0,6,0,2,1.2231999999999061,2.794999999999959
after_learning,22,true,0,6,0,2,1.2883000000000493,2.9239000000000033
after_learning,23,true,0,6,0,2,1.3035999999998467,4.084799999999973
after_learning,24,true,0,6,0,2,1.8361999999999625,3.4320000000000164
after_learning,25,true,0,6,0,2,1.587799999999902,3.5816999999999553
after_learning,26,true,0,6,0,2,1.2581000000001268,2.8220000000000027
after_learning,27,true,0,6,0,2,1.2840999999999667,2.993600000000015
after_learning,28,true,0,6,0,2,1.7520000000000664,3.5698999999999614
after_learning,29,true,0,6,0,2,1.2258999999999105,3.012299999999982
after_learning,30,true,0,6,0,2,1.4959999999998672,3.2370999999999412
after_learning,31,true,0,6,0,2,1.3096999999997934,2.382099999999923
after_learning,32,true,0,6,0,2,1.0640000000000782,2.1187999999999647
after_learning,33,true,0,6,0,2,1.3068000000001803,3.115299999999934
after_learning,34,true,0,6,0,2,1.6575000000000273,3.8301999999999907
after_learning,35,true,0,6,0,2,1.6206000000000813,3.6687999999999192
after_learning,36,true,0,6,0,2,1.3093999999998687,2.9483999999999924
after_learning,37,true,0,6,0,2,1.0247000000001663,3.013500000000022
after_learning,38,true,0,6,0,2,0.8258999999999332,1.901200000000017
after_learning,39,true,0,6,0,2,1.5158999999999878,3.6217000000000326
after_learning,40,true,0,6,0,2,1.7035000000000764,4.2970000000000255
after_learning,41,true,0,6,0,2,1.3310999999994237,3.06880000000001
after_learning,42,true,0,6,0,2,0.8311000000005606,1.899499999999989
after_learning,43,true,0,6,0,2,0.7481000000002496,1.6935000000000855
after_learning,44,true,0,6,0,2,1.1024999999999636,2.1220999999998185
after_learning,45,true,0,6,0,2,1.5417999999999665,3.520999999999958
after_learning,46,true,0,6,0,2,0.7242000000003372,1.7029999999999745
after_learning,47,true,0,6,0,2,1.4691000000000258,3.1963000000000648
after_learning,48,true,0,6,0,2,1.2777000000003227,2.892799999999852
after_learning,49,true,0,6,0,2,1.2096999999998843,2.7200000000000273
after_learning,50,true,0,6,0,2,1.1054999999998927,3.1024999999999636
after_learning,51,true,0,6,0,2,1.9365000000000236,4.6647999999997865
after_learning,52,true,0,6,0,2,1.6169999999999618,3.697099999999864
after_learning,53,true,0,6,0,2,1.2486999999996442,2.848199999999906
after_learning,54,true,0,6,0,2,1.1618000000000848,2.7078999999998814
after_learning,55,true,0,6,0,2,2.238399999999956,5.731800000000021
after_learning,56,true,0,6,0,2,1.5297999999997955,3.807299999999941
after_learning,57,true,0,6,0,2,0.9674000000002252,3.0634999999999764
after_learning,58,true,0,6,0,2,0.985599999999522,2.168899999999894
after_learning,59,true,0,6,0,2,1.0260000000000673,2.5369000000000597
after_learning,60,true,0,6,0,2,2.9342999999998938,5.075900000000047
after_learning,61,true,0,6,0,2,1.58429999999953,3.6041999999999916
after_learning,62,true,0,6,0,2,1.095600000000104,2.620800000000145
after_learning,63,true,0,6,0,2,1.4384999999990669,3.3126000000002023
after_learning,64,true,0,6,0,2,2.2598999999997886,4.828399999999874
after_learning,65,true,0,6,0,2,1.3221000000003187,3.2612000000001444
after_learning,66,true,0,6,0,2,1.4163999999998396,2.930900000000065
after_learning,67,true,0,6,0,2,0.7057000000002063,1.6549999999999727
after_learning,68,true,0,6,0,2,0.645799999999781,1.4890000000000327
after_learning,69,true,0,6,0,2,0.6375000000000455,1.512899999999945
after_learning,70,true,0,6,0,2,0.7599999999997635,1.6902999999999793
after_learning,71,true,0,6,0,2,0.836500000000342,3.3005000000000564
after_learning,72,true,0,6,0,2,1.3184999999998581,3.103700000000117
after_learning,73,true,0,6,0,2,1.4497000000003482,3.223799999999983
after_learning,74,true,0,6,0,2,1.2015000000001237,2.83829999999989
after_learning,75,true,0,6,0,2,1.1621999999995296,2.6254999999998745
after_learning,76,true,0,6,0,2,0.8997999999996864,2.101399999999785
after_learning,77,true,0,6,0,2,2.083500000000413,4.50830000000019
after_learning,78,true,0,6,0,2,2.0512999999998556,3.912700000000086
after_learning,79,true,0,6,0,2,1.231899999999996,2.823599999999942
after_learning,80,true,0,6,0,2,1.1842999999996664,2.7241999999998825
after_learning,81,true,0,6,0,2,1.219000000000051,2.8349000000000615
after_learning,82,true,0,6,0,2,1.9178999999999178,4.3236000000001695
after_learning,83,true,0,6,0,2,1.3274000000003525,2.947300000000041
after_learning,84,true,0,6,0,2,0.8255000000001473,2.085199999999986
after_learning,85,true,0,6,0,2,0.8179999999999836,1.8721000000000458
after_learning,86,true,0,6,0,2,0.729200000000219,2.1851999999998952
after_learning,87,true,0,6,0,2,0.6521000000000186,1.4747999999999593
after_learning,88,true,0,6,0,2,0.635300000000143,1.448799999999892
after_learning,89,true,0,6,0,2,1.749699999999848,4.051500000000033
after_learning,90,true,0,6,0,2,1.574400000000196,3.173599999999851
after_learning,91,true,0,6,0,2,1.218499999999949,2.779600000000073
after_learning,92,true,0,6,0,2,1.3223999999995613,2.9582000000000335
after_learning,93,true,0,6,0,2,1.213700000000017,3.445600000000013
after_learning,94,true,0,6,0,2,1.267099999999573,3.6321000000000367
after_learning,95,true,0,6,0,2,1.2721000000001368,3.669399999999996
after_learning,96,true,0,6,0,2,0.9729000000002088,3.3069000000000415
after_learning,97,true,0,6,0,2,1.290599999999813,2.937400000000025
after_learning,98,true,0,6,0,2,1.2758000000001175,3.0354999999999563
after_learning,99,true,0,6,0,2,1.6040000000000418,3.894999999999982
after_learning,100,true,0,6,0,2,1.2089000000000851,3.5417999999999665
retention_reload,1,true,0,6,0,2,0.6724000000001524,1.6363000000001193
retention_reload,2,true,0,6,0,2,0.7022999999999229,1.8503000000000611
retention_reload,3,true,0,6,0,2,0.8838000000000648,2.05619999999999
retention_reload,4,true,0,6,0,2,0.64420000000041,1.5333000000000538
retention_reload,5,true,0,6,0,2,0.7088000000003376,1.5229999999999109
retention_reload,6,true,0,6,0,2,1.2372000000000298,3.4170999999998912
retention_reload,7,true,0,6,0,2,0.8693000000000666,3.008100000000013
retention_reload,8,true,0,6,0,2,0.7986999999998261,1.8065999999998894
retention_reload,9,true,0,6,0,2,0.76949999999988,1.762599999999793
retention_reload,10,true,0,6,0,2,0.6808000000000902,1.5453000000002248
retention_reload,11,true,0,6,0,2,0.7550999999996293,1.9063000000001011
retention_reload,12,true,0,6,0,2,0.9078000000001794,2.0437999999999192
retention_reload,13,true,0,6,0,2,0.7117000000000644,1.6336999999998625
retention_reload,14,true,0,6,0,2,1.981999999999971,4.201199999999972
retention_reload,15,true,0,6,0,2,1.4886999999996533,3.898800000000165
retention_reload,16,true,0,6,0,2,0.9257000000002336,2.1194000000000415
retention_reload,17,true,0,6,0,2,1.159599999999955,2.616700000000037
retention_reload,18,true,0,6,0,2,1.0200999999997293,2.5754000000001724
retention_reload,19,true,0,6,0,2,1.6690000000000964,3.848700000000008
retention_reload,20,true,0,6,0,2,0.8845999999998639,2.111599999999953
retention_reload,21,true,0,6,0,2,1.4060000000001764,3.1484999999997854
retention_reload,22,true,0,6,0,2,1.2523000000001048,3.3530000000000655
retention_reload,23,true,0,6,0,2,1.179399999999987,2.9159000000001924
retention_reload,24,true,0,6,0,2,0.684099999999944,1.6376000000000204
retention_reload,25,true,0,6,0,2,1.474999999999909,2.9039000000000215
retention_reload,26,true,0,6,0,2,1.2855000000001837,2.9145999999998367
retention_reload,27,true,0,6,0,2,1.0471000000002277,2.417299999999841
retention_reload,28,true,0,6,0,2,0.8504999999997835,2.01279999999997
retention_reload,29,true,0,6,0,2,0.7689000000000306,2.3138000000001284
retention_reload,30,true,0,6,0,2,0.7164000000000215,1.6128000000001066
retention_reload,31,true,0,6,0,2,0.625400000000127,1.4284000000000106
retention_reload,32,true,0,6,0,2,0.6294000000002598,1.4583000000000084
retention_reload,33,true,0,6,0,2,1.7507000000000517,3.434300000000121
retention_reload,34,true,0,6,0,2,1.2480000000002747,2.921899999999823
retention_reload,35,true,0,6,0,2,1.2792000000001735,2.9598000000000866
retention_reload,36,true,0,6,0,2,1.149199999999837,2.621900000000096
retention_reload,37,true,0,6,0,2,1.5828999999994267,2.9845000000000255
retention_reload,38,true,0,6,0,2,1.2350999999998749,3.330900000000156
retention_reload,39,true,0,6,0,2,1.1800000000000637,2.5664999999999054
retention_reload,40,true,0,6,0,2,1.045399999999745,2.4925000000000637
retention_reload,41,true,0,6,0,2,1.4041000000001986,3.2653999999999996
retention_reload,42,true,0,6,0,2,1.1929000000000087,3.178899999999885
retention_reload,43,true,0,6,0,2,0.9625999999996111,2.3082999999999174
retention_reload,44,true,0,6,0,2,1.6353999999996631,4.274300000000039
retention_reload,45,true,0,6,0,2,1.1871000000001004,2.9849000000001524
retention_reload,46,true,0,6,0,2,1.363700000000108,3.235500000000002
retention_reload,47,true,0,6,0,2,1.237699999999677,2.634900000000016
retention_reload,48,true,0,6,0,2,1.1077000000000226,2.4510999999999967
retention_reload,49,true,0,6,0,2,1.7039999999997235,3.58400000000006
retention_reload,50,true,0,6,0,2,1.0018999999997504,2.246399999999994
retention_reload,51,true,0,6,0,2,1.0704000000002907,3.1407999999998992
retention_reload,52,true,0,6,0,2,0.8704000000000178,1.9246999999998025
retention_reload,53,true,0,6,0,2,0.9078999999999269,1.98700000000008
retention_reload,54,true,0,6,0,2,0.682999999999538,1.5286999999998443
retention_reload,55,true,0,6,0,2,0.6538999999997941,1.5221999999998843
retention_reload,56,true,0,6,0,2,0.6372000000001208,1.4809999999999945
retention_reload,57,true,0,6,0,2,1.5866000000000895,3.7293999999999414
retention_reload,58,true,0,6,0,2,1.0155000000004293,2.282799999999952
retention_reload,59,true,0,6,0,2,1.2480999999997948,2.441000000000031
retention_reload,60,true,0,6,0,2,1.1106999999999516,2.427699999999959
retention_reload,61,true,0,6,0,2,0.9053999999998723,2.170599999999922
retention_reload,62,true,0,6,0,2,1.1800000000000637,2.6714999999999236
retention_reload,63,true,0,6,0,2,1.3447000000001026,3.572200000000066
retention_reload,64,true,0,6,0,2,1.1717000000001008,2.764900000000125
retention_reload,65,true,0,6,0,2,1.2929000000001452,3.0745999999999185
retention_reload,66,true,0,6,0,2,1.281900000000178,3.472500000000082
retention_reload,67,true,0,6,0,2,0.9563000000005104,2.318399999999883
retention_reload,68,true,0,6,0,2,1.151299999999992,3.152599999999893
retention_reload,69,true,0,6,0,2,1.5751000000000204,3.8030999999998585
retention_reload,70,true,0,6,0,2,0.9321000000002186,2.1405999999999494
retention_reload,71,true,0,6,0,2,1.460399999999936,3.3034999999999854
retention_reload,72,true,0,6,0,2,1.1720000000004802,2.681500000000142
retention_reload,73,true,0,6,0,2,1.6459999999999582,4.199999999999818
retention_reload,74,true,0,6,0,2,1.849100000000135,3.7258999999999105
retention_reload,75,true,0,6,0,2,1.1873999999995704,2.871599999999944
retention_reload,76,true,0,6,0,2,1.296400000000176,3.0175000000001546
retention_reload,77,true,0,6,0,2,0.7975000000001273,1.9160999999999149
retention_reload,78,true,0,6,0,2,0.9678000000001248,2.0845999999999094
retention_reload,79,true,0,6,0,2,1.0548000000003412,2.1770000000001346
retention_reload,80,true,0,6,0,2,1.7002000000002226,3.663099999999986
retention_reload,81,true,0,6,0,2,2.5049000000001342,4.697499999999991
retention_reload,82,true,0,6,0,2,1.3507999999999356,3.1639999999999873
retention_reload,83,true,0,6,0,2,1.086799999999812,2.3771999999999025
retention_reload,84,true,0,6,0,2,1.1240999999999985,2.4704999999999018
retention_reload,85,true,0,6,0,2,1.4163000000003194,4.000599999999849
retention_reload,86,true,0,6,0,2,1.146199999999908,2.6187999999999647
retention_reload,87,true,0,6,0,2,1.1653000000001157,2.666200000000117
retention_reload,88,true,0,6,0,2,1.3088999999999942,3.4578999999998814
retention_reload,89,true,0,6,0,2,1.1324000000001888,2.6950000000001637
retention_reload,90,true,0,6,0,2,1.4358000000001994,3.6177999999999884
retention_reload,91,true,0,6,0,2,1.0208000000002357,2.2772999999999683
retention_reload,92,true,0,6,0,2,1.1155000000003383,2.8665000000000873
retention_reload,93,true,0,6,0,2,1.4449000000001888,3.394800000000032
retention_reload,94,true,0,6,0,2,1.321399999999585,2.983699999999999
retention_reload,95,true,0,6,0,2,2.397100000000137,4.266200000000026
retention_reload,96,true,0,6,0,2,1.3721999999997934,2.878900000000158
retention_reload,97,true,0,6,0,2,0.7196999999998752,1.6997000000001208
retention_reload,98,true,0,6,0,2,0.7858000000001084,1.8139999999998508
retention_reload,99,true,0,6,0,2,0.6893999999999778,1.6462999999998829
retention_reload,100,true,0,6,0,2,0.6380000000001473,1.4619000000000142
generalization_and_identity_transfer,1001,true,0,12,0,5,6.499999999999773,14.471099999999979
generalization_and_identity_transfer,1002,true,0,12,0,5,4.256200000000263,9.033100000000104
generalization_and_identity_transfer,1003,true,0,12,0,5,3.591900000000578,7.213799999999992
generalization_and_identity_transfer,1004,true,0,12,0,5,2.137199999999666,4.962099999999964
generalization_and_identity_transfer,1005,true,0,12,0,5,3.882100000000264,7.4845000000000255
generalization_and_identity_transfer,1006,true,0,12,0,5,5.00229999999965,10.775300000000016
generalization_and_identity_transfer,1007,true,0,12,0,5,5.153699999999162,10.711000000000013
generalization_and_identity_transfer,1008,true,0,12,0,5,4.080299999999625,8.425899999999956
generalization_and_identity_transfer,1009,true,0,12,0,5,3.9874999999994998,9.0621000000001
generalization_and_identity_transfer,1010,true,0,12,0,5,4.443400000000111,9.117600000000039
generalization_and_identity_transfer,1011,true,0,12,0,5,3.0718999999996868,6.7017000000000735
generalization_and_identity_transfer,1012,true,0,12,0,5,2.146400000000085,4.5086999999998625
generalization_and_identity_transfer,1013,true,0,12,0,5,3.6872000000000753,6.998399999999947
generalization_and_identity_transfer,1014,true,0,12,0,5,3.879799999999932,8.793499999999995
generalization_and_identity_transfer,1015,true,0,12,0,5,5.160800000000108,9.405500000000075
generalization_and_identity_transfer,1016,true,0,12,0,5,3.9045999999998457,8.777199999999993
generalization_and_identity_transfer,1017,true,0,12,0,5,4.283300000000281,8.031500000000051
generalization_and_identity_transfer,1018,true,0,12,0,5,4.206899999999905,8.544499999999971
generalization_and_identity_transfer,1019,true,0,12,0,5,3.7088999999996304,8.595799999999826
generalization_and_identity_transfer,1020,true,0,12,0,5,2.4799999999995634,5.177799999999934
generalization_and_identity_transfer,1021,true,0,12,0,5,2.738199999999779,6.478800000000092
generalization_and_identity_transfer,1022,true,0,12,0,5,2.9990000000000236,6.169999999999845
generalization_and_identity_transfer,1023,true,0,12,0,5,2.500099999999975,5.142499999999927
generalization_and_identity_transfer,1024,true,0,12,0,5,4.105000000001155,8.195000000000164
generalization_and_identity_transfer,1025,true,0,12,0,5,2.393399999999474,5.140899999999874
generalization_and_identity_transfer,1026,true,0,12,0,5,2.162800000000516,5.257000000000062
generalization_and_identity_transfer,1027,true,0,12,0,5,3.484100000000126,7.711000000000013
generalization_and_identity_transfer,1028,true,0,12,0,5,4.336600000000317,27.32029999999986
generalization_and_identity_transfer,1029,true,0,12,0,5,7.637399999999843,13.41969999999992
generalization_and_identity_transfer,1030,true,0,12,0,5,11.302299999999377,16.067800000000034
generalization_and_identity_transfer,1031,true,0,12,0,5,6.854000000000042,12.475400000000036
generalization_and_identity_transfer,1032,true,0,12,0,5,6.464299999999639,16.985500000000002
generalization_and_identity_transfer,1033,true,0,12,0,5,5.450900000000502,14.066700000000083
generalization_and_identity_transfer,1034,true,0,12,0,5,7.243699999999308,18.660900000000083
generalization_and_identity_transfer,1035,true,0,12,0,5,5.927699999999959,12.886099999999942
generalization_and_identity_transfer,1036,true,0,12,0,5,4.959599999999455,10.86889999999994
generalization_and_identity_transfer,1037,true,0,12,0,5,5.71510000000012,10.448599999999942
generalization_and_identity_transfer,1038,true,0,12,0,5,5.107899999999972,13.194700000000012
generalization_and_identity_transfer,1039,true,0,12,0,5,5.145200000000614,13.662399999999934
generalization_and_identity_transfer,1040,true,0,12,0,5,5.005999999999858,11.467100000000073
generalization_and_identity_transfer,1041,true,0,12,0,5,4.074300000000221,8.74759999999992
generalization_and_identity_transfer,1042,true,0,12,0,5,3.3162999999999556,6.566000000000031
generalization_and_identity_transfer,1043,true,0,12,0,5,6.7905000000000655,15.782699999999977
generalization_and_identity_transfer,1044,true,0,12,0,5,5.253799999999956,11.977200000000039
generalization_and_identity_transfer,1045,true,0,12,0,5,4.512999999999465,9.25279999999998
generalization_and_identity_transfer,1046,true,0,12,0,5,4.750500000000102,9.604199999999992
generalization_and_identity_transfer,1047,true,0,12,0,5,4.425700000000006,8.133299999999963
generalization_and_identity_transfer,1048,true,0,12,0,5,4.51769999999965,9.110100000000102
generalization_and_identity_transfer,1049,true,0,12,0,5,3.847899999999754,8.867799999999988
generalization_and_identity_transfer,1050,true,0,12,0,5,2.308699999999817,4.941900000000032
generalization_and_identity_transfer,1051,true,0,12,0,5,3.6986000000001695,8.032600000000002
generalization_and_identity_transfer,1052,true,0,12,0,5,3.8454000000001543,7.99350000000004
generalization_and_identity_transfer,1053,true,0,12,0,5,5.160299999999779,10.049200000000155
generalization_and_identity_transfer,1054,true,0,12,0,5,2.9852000000003045,6.425700000000006
generalization_and_identity_transfer,1055,true,0,12,0,5,4.728899999999612,9.166200000000117
generalization_and_identity_transfer,1056,true,0,12,0,5,3.4670000000003256,7.211099999999988
generalization_and_identity_transfer,1057,true,0,12,0,5,2.1863999999998214,4.649600000000191
generalization_and_identity_transfer,1058,true,0,12,0,5,2.996699999999919,6.428300000000036
generalization_and_identity_transfer,1059,true,0,12,0,5,3.3026000000002114,6.6293000000000575
generalization_and_identity_transfer,1060,true,0,12,0,5,2.893400000000156,5.355600000000095
generalization_and_identity_transfer,1061,true,0,12,0,5,4.042200000000776,7.3750999999997475
generalization_and_identity_transfer,1062,true,0,12,0,5,3.981600000000526,7.960099999999784
generalization_and_identity_transfer,1063,true,0,12,0,5,3.747100000000046,7.819599999999809
generalization_and_identity_transfer,1064,true,0,12,0,5,2.9091000000007625,5.922799999999825
generalization_and_identity_transfer,1065,true,0,12,0,5,2.2935999999999694,5.595899999999801
generalization_and_identity_transfer,1066,true,0,12,0,5,3.803000000001248,7.95679999999993
generalization_and_identity_transfer,1067,true,0,12,0,5,2.3345999999992273,4.8112999999998465
generalization_and_identity_transfer,1068,true,0,12,0,5,2.9103999999988446,5.98909999999978
generalization_and_identity_transfer,1069,true,0,12,0,5,3.1654000000007727,6.747100000000046
generalization_and_identity_transfer,1070,true,0,12,0,5,2.6333000000004176,4.99330000000009
generalization_and_identity_transfer,1071,true,0,12,0,5,3.1119999999991705,7.356999999999971
generalization_and_identity_transfer,1072,true,0,12,0,5,2.4122999999995045,4.923200000000179
generalization_and_identity_transfer,1073,true,0,12,0,5,2.12270000000035,4.34479999999985
generalization_and_identity_transfer,1074,true,0,12,0,5,3.7284999999997126,7.108799999999974
generalization_and_identity_transfer,1075,true,0,12,0,5,2.726799999999912,6.265200000000277
generalization_and_identity_transfer,1076,true,0,12,0,5,2.1441000000013446,4.5108000000000175
generalization_and_identity_transfer,1077,true,0,12,0,5,4.442999999999756,8.856900000000223
generalization_and_identity_transfer,1078,true,0,12,0,5,4.851999999999862,10.567400000000362
generalization_and_identity_transfer,1079,true,0,12,0,5,5.1851000000006024,10.354399999999714
generalization_and_identity_transfer,1080,true,0,12,0,5,5.355799999999363,10.987199999999575
generalization_and_identity_transfer,1081,true,0,12,0,5,3.1588999999994485,5.909500000000207
generalization_and_identity_transfer,1082,true,0,12,0,5,3.5361000000002605,8.026600000000144
generalization_and_identity_transfer,1083,true,0,12,0,5,4.099899999999707,8.389199999999619
generalization_and_identity_transfer,1084,true,0,12,0,5,4.193099999999049,8.187599999999748
generalization_and_identity_transfer,1085,true,0,12,0,5,2.520700000000943,5.278099999999995
generalization_and_identity_transfer,1086,true,0,12,0,5,3.009500000001026,5.8103000000000975
generalization_and_identity_transfer,1087,true,0,12,0,5,4.197699999999713,7.476000000000113
generalization_and_identity_transfer,1088,true,0,12,0,5,2.2156999999992877,4.591599999999744
generalization_and_identity_transfer,1089,true,0,12,0,5,2.2421999999996842,4.665799999999763
generalization_and_identity_transfer,1090,true,0,12,0,5,4.0747000000005755,8.380599999999959
generalization_and_identity_transfer,1091,true,0,12,0,5,2.1891000000009626,4.969000000000051
generalization_and_identity_transfer,1092,true,0,12,0,5,3.735899999999674,7.419199999999819
generalization_and_identity_transfer,1093,true,0,12,0,5,4.413699999999608,9.133100000000013
generalization_and_identity_transfer,1094,true,0,12,0,5,3.72879999999941,8.02009999999973
generalization_and_identity_transfer,1095,true,0,12,0,5,2.6569000000004053,5.508199999999761
generalization_and_identity_transfer,1096,true,0,12,0,5,2.571799999999712,5.994500000000244
generalization_and_identity_transfer,1097,true,0,12,0,5,3.2164999999999964,7.07739999999967
generalization_and_identity_transfer,1098,true,0,12,0,5,2.2660999999989144,4.768399999999929
generalization_and_identity_transfer,1099,true,0,12,0,5,3.5684000000001106,9.329999999999927
generalization_and_identity_transfer,1100,true,0,12,0,5,3.6940000000008695,7.54340000000002